order_id,customer_id,order_date,status,subtotal,tax,total_amount,currency,created_at,updated_at
ORD00001,CUST0023,2024-08-03,cancelled,344.21,24.09,368.3,USD,2024-08-03 00:00:00,2024-08-03 00:00:00
ORD00002,CUST0007,2024-12-28,pending,392.26,27.46,419.72,USD,2024-12-28 00:00:00,2024-12-28 00:00:00
ORD00003,CUST0040,2024-06-07,completed,463.62,32.45,496.07,USD,2024-06-07 00:00:00,2024-06-07 00:00:00
ORD00004,CUST0011,2024-06-30,completed,441.89,30.93,472.82,USD,2024-06-30 00:00:00,2024-06-30 00:00:00
ORD00005,CUST0012,2024-12-06,pending,393.37,27.54,420.91,USD,2024-12-06 00:00:00,2024-12-06 00:00:00
ORD00006,CUST0043,2024-09-11,cancelled,140.73,9.85,150.58,USD,2024-09-11 00:00:00,2024-09-11 00:00:00
ORD00007,CUST0007,2025-01-26,pending,437.36,30.62,467.98,USD,2025-01-26 00:00:00,2025-01-26 00:00:00
ORD00008,CUST0015,2024-07-23,pending,410.13,28.71,438.84,USD,2024-07-23 00:00:00,2024-07-23 00:00:00
ORD00009,CUST0023,2024-11-08,completed,412.06,28.84,440.9,USD,2024-11-08 00:00:00,2024-11-08 00:00:00
ORD00010,CUST0015,2024-01-25,pending,333.42,23.34,356.76,USD,2024-01-25 00:00:00,2024-01-25 00:00:00
ORD00011,CUST0022,2024-10-12,completed,433.53,30.35,463.88,USD,2024-10-12 00:00:00,2024-10-12 00:00:00
ORD00012,CUST0023,2025-06-05,shipped,205.84,14.41,220.25,USD,2025-06-05 00:00:00,2025-06-05 00:00:00
ORD00013,CUST0022,2024-01-29,completed,66.52,4.66,71.18,USD,2024-01-29 00:00:00,2024-01-29 00:00:00
ORD00014,CUST0012,2025-08-17,completed,481.64,33.71,515.35,USD,2025-08-17 00:00:00,2025-08-17 00:00:00
ORD00015,CUST0003,2024-04-21,completed,302.32,21.16,323.48,USD,2024-04-21 00:00:00,2024-04-21 00:00:00
ORD00016,CUST0047,2024-11-17,shipped,223.83,15.67,239.5,USD,2024-11-17 00:00:00,2024-11-17 00:00:00
ORD00017,CUST0008,2025-01-29,completed,450.76,31.55,482.31,USD,2025-01-29 00:00:00,2025-01-29 00:00:00
ORD00018,CUST0017,2024-02-15,completed,357.3,25.01,382.31,USD,2024-02-15 00:00:00,2024-02-15 00:00:00
ORD00019,CUST0034,2025-07-05,cancelled,346.56,24.26,370.82,USD,2025-07-05 00:00:00,2025-07-05 00:00:00
ORD00020,CUST0048,2024-07-20,completed,188.47,13.19,201.66,USD,2024-07-20 00:00:00,2024-07-20 00:00:00
ORD00021,CUST0043,2024-12-04,cancelled,315.35,22.07,337.42,USD,2024-12-04 00:00:00,2024-12-04 00:00:00
ORD00022,CUST0008,2024-11-03,cancelled,258.49,18.09,276.58,USD,2024-11-03 00:00:00,2024-11-03 00:00:00
ORD00023,CUST0027,2024-11-30,completed,207.18,14.5,221.68,USD,2024-11-30 00:00:00,2024-11-30 00:00:00
ORD00024,CUST0036,2024-05-10,cancelled,104.0,7.28,111.28,USD,2024-05-10 00:00:00,2024-05-10 00:00:00
ORD00025,CUST0025,2024-06-27,completed,311.6,21.81,333.41,USD,2024-06-27 00:00:00,2024-06-27 00:00:00
ORD00026,CUST0026,2025-07-15,completed,418.53,29.3,447.83,USD,2025-07-15 00:00:00,2025-07-15 00:00:00
ORD00027,CUST0019,2024-08-03,shipped,220.65,15.45,236.1,USD,2024-08-03 00:00:00,2024-08-03 00:00:00
ORD00028,CUST0039,2024-11-25,pending,237.84,16.65,254.49,USD,2024-11-25 00:00:00,2024-11-25 00:00:00
ORD00029,CUST0044,2024-08-06,cancelled,260.48,18.23,278.71,USD,2024-08-06 00:00:00,2024-08-06 00:00:00
ORD00030,CUST0011,2024-03-27,cancelled,149.06,10.43,159.49,USD,2024-03-27 00:00:00,2024-03-27 00:00:00
ORD00031,CUST0041,2024-12-09,completed,55.76,3.9,59.66,USD,2024-12-09 00:00:00,2024-12-09 00:00:00
ORD00032,CUST0044,2024-11-13,completed,120.07,8.4,128.47,USD,2024-11-13 00:00:00,2024-11-13 00:00:00
ORD00033,CUST0010,2024-01-26,pending,32.64,2.28,34.92,USD,2024-01-26 00:00:00,2024-01-26 00:00:00
ORD00034,CUST0040,2024-03-15,cancelled,233.15,16.32,249.47,USD,2024-03-15 00:00:00,2024-03-15 00:00:00
ORD00035,CUST0037,2024-07-18,pending,361.99,25.34,387.33,USD,2024-07-18 00:00:00,2024-07-18 00:00:00
ORD00036,CUST0032,2025-02-13,cancelled,129.55,9.07,138.62,USD,2025-02-13 00:00:00,2025-02-13 00:00:00
ORD00037,CUST0045,2024-01-06,completed,447.4,31.32,478.72,USD,2024-01-06 00:00:00,2024-01-06 00:00:00
ORD00038,CUST0050,2025-03-11,cancelled,117.23,8.21,125.44,USD,2025-03-11 00:00:00,2025-03-11 00:00:00
ORD00039,CUST0034,2025-04-20,completed,34.61,2.42,37.03,USD,2025-04-20 00:00:00,2025-04-20 00:00:00
ORD00040,CUST0008,2025-04-12,pending,75.34,5.27,80.61,USD,2025-04-12 00:00:00,2025-04-12 00:00:00
ORD00041,CUST0043,2025-06-27,shipped,494.07,34.58,528.65,USD,2025-06-27 00:00:00,2025-06-27 00:00:00
ORD00042,CUST0021,2025-03-29,cancelled,310.2,21.71,331.91,USD,2025-03-29 00:00:00,2025-03-29 00:00:00
ORD00043,CUST0033,2025-03-12,shipped,416.98,29.19,446.17,USD,2025-03-12 00:00:00,2025-03-12 00:00:00
ORD00044,CUST0029,2024-06-11,pending,374.39,26.21,400.6,USD,2024-06-11 00:00:00,2024-06-11 00:00:00
ORD00045,CUST0029,2024-09-22,cancelled,378.37,26.49,404.86,USD,2024-09-22 00:00:00,2024-09-22 00:00:00
ORD00046,CUST0018,2025-06-17,completed,247.45,17.32,264.77,USD,2025-06-17 00:00:00,2025-06-17 00:00:00
ORD00047,CUST0018,2025-03-26,completed,47.97,3.36,51.33,USD,2025-03-26 00:00:00,2025-03-26 00:00:00
ORD00048,CUST0016,2024-10-05,shipped,174.57,12.22,186.79,USD,2024-10-05 00:00:00,2024-10-05 00:00:00
ORD00049,CUST0006,2024-05-21,pending,83.91,5.87,89.78,USD,2024-05-21 00:00:00,2024-05-21 00:00:00
ORD00050,CUST0045,2024-06-05,completed,356.15,24.93,381.08,USD,2024-06-05 00:00:00,2024-06-05 00:00:00
ORD00051,CUST9999,2025-02-21,pending,172.13,12.05,184.18,USD,2025-02-21 00:00:00,2025-02-21 00:00:00
ORD00052,CUST0027,2024-03-04,pending,111.35,7.79,119.14,USD,2024-03-04 00:00:00,2024-03-04 00:00:00
ORD00053,CUST0025,2025-08-21,completed,473.57,33.15,506.72,USD,2025-08-21 00:00:00,2025-08-21 00:00:00
ORD00054,CUST0049,2025-08-12,completed,196.39,13.75,210.14,USD,2025-08-12 00:00:00,2025-08-12 00:00:00
ORD00055,CUST0023,2024-11-01,pending,379.2,26.54,405.74,USD,2024-11-01 00:00:00,2024-11-01 00:00:00
ORD00056,CUST0035,2025-07-13,completed,401.94,28.14,430.08,USD,2025-07-13 00:00:00,2025-07-13 00:00:00
ORD00057,CUST0032,2024-08-12,pending,143.74,10.06,153.8,USD,2024-08-12 00:00:00,2024-08-12 00:00:00
ORD00058,CUST0002,2025-02-02,cancelled,174.7,12.23,186.93,USD,2025-02-02 00:00:00,2025-02-02 00:00:00
ORD00059,CUST0026,2024-06-18,completed,421.85,29.53,451.38,USD,2024-06-18 00:00:00,2024-06-18 00:00:00
ORD00060,CUST0040,2025-06-30,pending,23.21,1.62,24.83,USD,2025-06-30 00:00:00,2025-06-30 00:00:00
ORD00061,CUST0038,2025-07-31,completed,334.87,23.44,358.31,USD,2025-07-31 00:00:00,2025-07-31 00:00:00
ORD00062,CUST0042,2025-03-14,pending,76.49,5.35,81.84,USD,2025-03-14 00:00:00,2025-03-14 00:00:00
ORD00063,CUST0012,2024-02-21,completed,137.48,9.62,147.1,USD,2024-02-21 00:00:00,2024-02-21 00:00:00
ORD00064,CUST0014,2025-04-10,pending,170.15,11.91,182.06,USD,2025-04-10 00:00:00,2025-04-10 00:00:00
ORD00065,CUST0018,2025-03-07,completed,133.61,9.35,142.96,USD,2025-03-07 00:00:00,2025-03-07 00:00:00
ORD00066,CUST0031,2024-01-20,completed,377.02,26.39,403.41,USD,2024-01-20 00:00:00,2024-01-20 00:00:00
ORD00067,CUST0023,2024-08-17,cancelled,328.57,23.0,351.57,USD,2024-08-17 00:00:00,2024-08-17 00:00:00
ORD00068,CUST0003,2024-02-01,completed,475.31,33.27,508.58,USD,2024-02-01 00:00:00,2024-02-01 00:00:00
ORD00069,CUST0002,2024-06-05,pending,126.89,8.88,135.77,USD,2024-06-05 00:00:00,2024-06-05 00:00:00
ORD00070,CUST0043,2024-04-27,completed,286.35,20.04,306.39,USD,2024-04-27 00:00:00,2024-04-27 00:00:00
ORD00071,CUST0030,2024-09-19,completed,385.78,27.0,412.78,USD,2024-09-19 00:00:00,2024-09-19 00:00:00
ORD00072,CUST0039,2024-04-27,completed,391.12,27.38,418.5,USD,2024-04-27 00:00:00,2024-04-27 00:00:00
ORD00073,CUST0020,2024-04-20,completed,293.56,20.55,314.11,USD,2024-04-20 00:00:00,2024-04-20 00:00:00
ORD00074,CUST0037,2025-01-19,cancelled,204.36,14.31,218.67,USD,2025-01-19 00:00:00,2025-01-19 00:00:00
ORD00075,CUST0013,2024-03-18,cancelled,300.13,21.01,321.14,USD,2024-03-18 00:00:00,2024-03-18 00:00:00
ORD00076,CUST0016,2024-04-14,completed,351.62,24.61,376.23,USD,2024-04-14 00:00:00,2024-04-14 00:00:00
ORD00077,CUST0044,2024-05-03,shipped,400.15,28.01,428.16,USD,2024-05-03 00:00:00,2024-05-03 00:00:00
ORD00078,CUST0003,2024-12-21,cancelled,271.05,18.97,290.02,USD,2024-12-21 00:00:00,2024-12-21 00:00:00
ORD00079,CUST0024,2024-03-11,completed,257.92,18.05,275.97,USD,2024-03-11 00:00:00,2024-03-11 00:00:00
ORD00080,CUST0001,2025-03-06,completed,412.94,28.91,441.85,USD,2025-03-06 00:00:00,2025-03-06 00:00:00
ORD00081,CUST0028,2025-01-05,pending,321.44,22.5,343.94,USD,2025-01-05 00:00:00,2025-01-05 00:00:00
ORD00082,CUST0046,2024-06-05,cancelled,223.39,15.64,239.03,USD,2024-06-05 00:00:00,2024-06-05 00:00:00
ORD00083,CUST0034,2024-10-03,shipped,311.8,21.83,333.63,USD,2024-10-03 00:00:00,2024-10-03 00:00:00
ORD00084,CUST0050,2025-05-10,cancelled,237.79,16.65,254.44,USD,2025-05-10 00:00:00,2025-05-10 00:00:00
ORD00085,CUST0038,2024-10-01,completed,167.93,11.76,179.69,USD,2024-10-01 00:00:00,2024-10-01 00:00:00
ORD00086,CUST0006,2024-10-12,completed,442.0,30.94,472.94,USD,2024-10-12 00:00:00,2024-10-12 00:00:00
ORD00087,CUST0049,2025-04-20,cancelled,289.23,20.25,309.48,USD,2025-04-20 00:00:00,2025-04-20 00:00:00
ORD00088,CUST0025,2024-12-10,completed,24.06,1.68,25.74,USD,2024-12-10 00:00:00,2024-12-10 00:00:00
ORD00089,CUST0012,2025-05-14,completed,113.94,7.98,121.92,USD,2025-05-14 00:00:00,2025-05-14 00:00:00
ORD00090,CUST0022,2024-10-13,cancelled,441.36,30.9,472.26,USD,2024-10-13 00:00:00,2024-10-13 00:00:00
ORD00091,CUST0018,2025-07-23,completed,14.97,1.05,16.02,USD,2025-07-23 00:00:00,2025-07-23 00:00:00
ORD00092,CUST0006,2024-09-04,pending,362.84,25.4,388.24,USD,2024-09-04 00:00:00,2024-09-04 00:00:00
ORD00093,CUST0036,2024-09-03,cancelled,348.4,24.39,372.79,USD,2024-09-03 00:00:00,2024-09-03 00:00:00
ORD00094,CUST0046,2025-05-17,completed,229.61,16.07,245.68,USD,2025-05-17 00:00:00,2025-05-17 00:00:00
ORD00095,CUST0006,2024-10-28,cancelled,118.58,8.3,126.88,USD,2024-10-28 00:00:00,2024-10-28 00:00:00
ORD00096,CUST0016,2024-11-09,completed,335.34,23.47,358.81,USD,2024-11-09 00:00:00,2024-11-09 00:00:00
ORD00097,CUST0031,2025-07-20,pending,270.15,18.91,289.06,USD,2025-07-20 00:00:00,2025-07-20 00:00:00
ORD00098,CUST0048,2025-07-17,cancelled,172.09,12.05,184.14,USD,2025-07-17 00:00:00,2025-07-17 00:00:00
ORD00099,CUST0030,2024-10-04,completed,160.25,11.22,171.47,USD,2024-10-04 00:00:00,2024-10-04 00:00:00
ORD00100,CUST0008,2024-07-16,cancelled,164.62,11.52,176.14,USD,2024-07-16 00:00:00,2024-07-16 00:00:00
ORD00101,CUST0035,2024-07-08,cancelled,103.86,7.27,,USD,2024-07-08 00:00:00,2024-07-08 00:00:00
ORD00102,CUST0031,2024-10-10,shipped,365.05,25.55,390.6,USD,2024-10-10 00:00:00,2024-10-10 00:00:00
ORD00103,CUST0039,2024-10-16,completed,490.45,34.33,524.78,USD,2024-10-16 00:00:00,2024-10-16 00:00:00
ORD00104,CUST0019,2024-08-20,completed,186.83,13.08,199.91,USD,2024-08-20 00:00:00,2024-08-20 00:00:00
ORD00105,CUST0001,2025-06-30,completed,72.03,5.04,77.07,USD,2025-06-30 00:00:00,2025-06-30 00:00:00
ORD00106,CUST0004,2025-07-20,completed,153.15,10.72,163.87,USD,2025-07-20 00:00:00,2025-07-20 00:00:00
ORD00107,CUST0041,2025-05-17,completed,60.27,4.22,64.49,USD,2025-05-17 00:00:00,2025-05-17 00:00:00
ORD00108,CUST0037,2024-10-18,pending,240.0,16.8,256.8,USD,2024-10-18 00:00:00,2024-10-18 00:00:00
ORD00109,CUST0022,2024-07-07,completed,483.09,33.82,516.91,USD,2024-07-07 00:00:00,2024-07-07 00:00:00
ORD00110,CUST0031,2024-04-26,pending,412.84,28.9,441.74,USD,2024-04-26 00:00:00,2024-04-26 00:00:00
ORD00111,CUST0032,2024-03-16,cancelled,292.74,20.49,313.23,USD,2024-03-16 00:00:00,2024-03-16 00:00:00
ORD00112,CUST0004,2024-06-04,shipped,83.11,5.82,88.93,USD,2024-06-04 00:00:00,2024-06-04 00:00:00
ORD00113,CUST0020,2024-03-28,completed,497.02,34.79,531.81,USD,2024-03-28 00:00:00,2024-03-28 00:00:00
ORD00114,CUST0036,2025-03-02,shipped,307.1,21.5,328.6,USD,2025-03-02 00:00:00,2025-03-02 00:00:00
ORD00115,CUST0015,2025-06-19,pending,196.39,13.75,210.14,USD,2025-06-19 00:00:00,2025-06-19 00:00:00
ORD00116,CUST0020,2025-03-15,shipped,159.64,11.17,170.81,USD,2025-03-15 00:00:00,2025-03-15 00:00:00
ORD00117,CUST0004,2024-04-11,completed,474.32,33.2,507.52,USD,2024-04-11 00:00:00,2024-04-11 00:00:00
ORD00118,CUST0041,2024-08-04,completed,139.68,9.78,149.46,USD,2024-08-04 00:00:00,2024-08-04 00:00:00
ORD00119,CUST0011,2024-09-02,completed,95.17,6.66,101.83,USD,2024-09-02 00:00:00,2024-09-02 00:00:00
ORD00120,CUST0011,2024-01-03,cancelled,210.17,14.71,224.88,USD,2024-01-03 00:00:00,2024-01-03 00:00:00
ORD00121,CUST0039,2025-04-26,completed,152.72,10.69,163.41,USD,2025-04-26 00:00:00,2025-04-26 00:00:00
ORD00122,CUST0019,2024-10-16,pending,354.46,24.81,379.27,USD,2024-10-16 00:00:00,2024-10-16 00:00:00
ORD00123,CUST0005,2024-08-27,cancelled,462.72,32.39,495.11,USD,2024-08-27 00:00:00,2024-08-27 00:00:00
ORD00124,CUST0038,2024-07-21,shipped,218.32,15.28,233.6,USD,2024-07-21 00:00:00,2024-07-21 00:00:00
ORD00125,CUST0015,2024-06-01,completed,455.12,31.86,486.98,USD,2024-06-01 00:00:00,2024-06-01 00:00:00
ORD00126,CUST0005,2024-03-02,completed,91.3,6.39,97.69,USD,2024-03-02 00:00:00,2024-03-02 00:00:00
ORD00127,CUST0039,2025-08-05,pending,461.38,32.3,493.68,USD,2025-08-05 00:00:00,2025-08-05 00:00:00
ORD00128,CUST0008,2025-04-24,cancelled,347.45,24.32,371.77,USD,2025-04-24 00:00:00,2025-04-24 00:00:00
ORD00129,CUST0026,2024-10-05,pending,255.23,17.87,273.1,USD,2024-10-05 00:00:00,2024-10-05 00:00:00
ORD00130,CUST0029,2024-03-23,pending,303.04,21.21,324.25,USD,2024-03-23 00:00:00,2024-03-23 00:00:00
ORD00131,CUST0048,2024-11-26,completed,305.82,21.41,327.23,USD,2024-11-26 00:00:00,2024-11-26 00:00:00
ORD00132,CUST0006,2024-08-22,shipped,481.34,33.69,515.03,USD,2024-08-22 00:00:00,2024-08-22 00:00:00
ORD00133,CUST0038,2024-01-22,cancelled,499.79,34.99,534.78,USD,2024-01-22 00:00:00,2024-01-22 00:00:00
ORD00134,CUST0018,2025-08-13,completed,29.71,2.08,31.79,USD,2025-08-13 00:00:00,2025-08-13 00:00:00
ORD00135,CUST0031,2025-06-15,completed,329.24,23.05,352.29,USD,2025-06-15 00:00:00,2025-06-15 00:00:00
ORD00136,CUST0012,2025-08-22,pending,223.58,15.65,239.23,USD,2025-08-22 00:00:00,2025-08-22 00:00:00
ORD00137,CUST0006,2025-04-26,completed,180.5,12.64,193.14,USD,2025-04-26 00:00:00,2025-04-26 00:00:00
ORD00138,CUST0021,2024-04-17,completed,430.29,30.12,460.41,USD,2024-04-17 00:00:00,2024-04-17 00:00:00
ORD00139,CUST0027,2025-05-22,pending,151.23,10.59,161.82,USD,2025-05-22 00:00:00,2025-05-22 00:00:00
ORD00140,CUST0049,2025-07-17,completed,27.98,1.96,29.94,USD,2025-07-17 00:00:00,2025-07-17 00:00:00
ORD00141,CUST0021,2024-09-15,pending,168.4,11.79,180.19,USD,2024-09-15 00:00:00,2024-09-15 00:00:00
ORD00142,CUST0033,2024-01-02,shipped,332.25,23.26,355.51,USD,2024-01-02 00:00:00,2024-01-02 00:00:00
ORD00143,CUST0030,2025-02-27,shipped,36.56,2.56,39.12,USD,2025-02-27 00:00:00,2025-02-27 00:00:00
ORD00144,CUST0024,2025-05-25,completed,316.45,22.15,338.6,USD,2025-05-25 00:00:00,2025-05-25 00:00:00
ORD00145,CUST0014,2024-09-30,completed,279.12,19.54,298.66,USD,2024-09-30 00:00:00,2024-09-30 00:00:00
ORD00146,CUST0029,2025-05-11,cancelled,69.5,4.87,74.37,USD,2025-05-11 00:00:00,2025-05-11 00:00:00
ORD00147,CUST0039,2024-09-02,completed,357.79,25.05,382.84,USD,2024-09-02 00:00:00,2024-09-02 00:00:00
ORD00148,CUST0036,2024-01-15,completed,280.6,19.64,300.24,USD,2024-01-15 00:00:00,2024-01-15 00:00:00
ORD00149,CUST0015,2024-04-26,completed,236.11,16.53,252.64,USD,2024-04-26 00:00:00,2024-04-26 00:00:00
ORD00150,CUST0042,2024-06-06,cancelled,254.2,17.79,271.99,USD,2024-06-06 00:00:00,2024-06-06 00:00:00
ORD00151,CUST0019,2025-06-05,pending,355.65,24.9,380.55,USD,2025-06-05 00:00:00,2025-06-05 00:00:00
ORD00152,CUST0031,2025-04-28,shipped,129.43,9.06,138.49,USD,2025-04-28 00:00:00,2025-04-28 00:00:00
ORD00153,CUST0010,2025-01-27,shipped,103.4,7.24,110.64,USD,2025-01-27 00:00:00,2025-01-27 00:00:00
ORD00154,CUST0033,2024-05-19,completed,433.37,30.34,463.71,USD,2024-05-19 00:00:00,2024-05-19 00:00:00
ORD00155,CUST0050,2025-02-28,shipped,176.54,12.36,188.9,USD,2025-02-28 00:00:00,2025-02-28 00:00:00
ORD00156,CUST0018,2024-01-03,completed,148.59,10.4,158.99,USD,2024-01-03 00:00:00,2024-01-03 00:00:00
ORD00157,CUST0038,2025-08-16,pending,499.46,34.96,534.42,USD,2025-08-16 00:00:00,2025-08-16 00:00:00
ORD00158,CUST0010,2025-04-02,completed,273.9,19.17,293.07,USD,2025-04-02 00:00:00,2025-04-02 00:00:00
ORD00159,CUST0022,2025-07-19,pending,383.81,26.87,410.68,USD,2025-07-19 00:00:00,2025-07-19 00:00:00
ORD00160,CUST0030,2024-11-25,cancelled,436.1,30.53,466.63,USD,2024-11-25 00:00:00,2024-11-25 00:00:00
ORD00161,CUST0016,2025-08-08,pending,197.66,13.84,211.5,USD,2025-08-08 00:00:00,2025-08-08 00:00:00
ORD00162,CUST0003,2024-11-21,cancelled,374.91,26.24,401.15,USD,2024-11-21 00:00:00,2024-11-21 00:00:00
ORD00163,CUST0025,2025-01-30,cancelled,494.32,34.6,528.92,USD,2025-01-30 00:00:00,2025-01-30 00:00:00
ORD00164,CUST0010,2025-05-22,completed,482.76,33.79,516.55,USD,2025-05-22 00:00:00,2025-05-22 00:00:00
ORD00165,CUST0033,2024-12-05,pending,436.15,30.53,466.68,USD,2024-12-05 00:00:00,2024-12-05 00:00:00
ORD00166,CUST0007,2025-06-22,completed,456.12,31.93,488.05,USD,2025-06-22 00:00:00,2025-06-22 00:00:00
ORD00167,CUST0047,2024-05-27,cancelled,210.89,14.76,225.65,USD,2024-05-27 00:00:00,2024-05-27 00:00:00
ORD00168,CUST0010,2024-03-17,completed,240.05,16.8,256.85,USD,2024-03-17 00:00:00,2024-03-17 00:00:00
ORD00169,CUST0022,2025-02-11,completed,328.42,22.99,351.41,USD,2025-02-11 00:00:00,2025-02-11 00:00:00
ORD00170,CUST0044,2025-06-30,completed,196.2,13.73,209.93,USD,2025-06-30 00:00:00,2025-06-30 00:00:00
ORD00171,CUST0041,2025-05-14,completed,437.47,30.62,468.09,USD,2025-05-14 00:00:00,2025-05-14 00:00:00
ORD00172,CUST0040,2024-03-11,cancelled,125.04,8.75,133.79,USD,2024-03-11 00:00:00,2024-03-11 00:00:00
ORD00173,CUST0019,2024-08-20,pending,375.92,26.31,402.23,USD,2024-08-20 00:00:00,2024-08-20 00:00:00
ORD00174,CUST0007,2024-04-12,cancelled,227.4,15.92,243.32,USD,2024-04-12 00:00:00,2024-04-12 00:00:00
ORD00175,CUST0020,2024-01-30,completed,32.54,2.28,34.82,USD,2024-01-30 00:00:00,2024-01-30 00:00:00
ORD00176,CUST0019,2025-01-02,completed,193.67,13.56,207.23,USD,2025-01-02 00:00:00,2025-01-02 00:00:00
ORD00177,CUST0016,2025-06-27,cancelled,211.91,14.83,226.74,USD,2025-06-27 00:00:00,2025-06-27 00:00:00
ORD00178,CUST0012,2024-06-23,shipped,95.78,6.7,102.48,USD,2024-06-23 00:00:00,2024-06-23 00:00:00
ORD00179,CUST0025,2024-09-03,shipped,253.86,17.77,271.63,USD,2024-09-03 00:00:00,2024-09-03 00:00:00
ORD00180,CUST0010,2024-08-25,completed,235.96,16.52,252.48,USD,2024-08-25 00:00:00,2024-08-25 00:00:00
ORD00181,CUST0030,2024-09-18,pending,336.75,23.57,360.32,USD,2024-09-18 00:00:00,2024-09-18 00:00:00
ORD00182,CUST0019,2025-07-13,pending,87.41,6.12,93.53,USD,2025-07-13 00:00:00,2025-07-13 00:00:00
ORD00183,CUST0023,2024-11-02,pending,323.08,22.62,345.7,USD,2024-11-02 00:00:00,2024-11-02 00:00:00
ORD00184,CUST0045,2024-09-13,completed,233.85,16.37,250.22,USD,2024-09-13 00:00:00,2024-09-13 00:00:00
ORD00185,CUST0013,2025-01-28,completed,428.13,29.97,458.1,USD,2025-01-28 00:00:00,2025-01-28 00:00:00
ORD00186,CUST0016,2025-01-25,shipped,290.24,20.32,310.56,USD,2025-01-25 00:00:00,2025-01-25 00:00:00
ORD00187,CUST0019,2024-10-29,cancelled,20.75,1.45,22.2,USD,2024-10-29 00:00:00,2024-10-29 00:00:00
ORD00188,CUST0026,2024-10-08,cancelled,13.97,0.98,14.95,USD,2024-10-08 00:00:00,2024-10-08 00:00:00
ORD00189,CUST0050,2024-02-20,cancelled,456.2,31.93,488.13,USD,2024-02-20 00:00:00,2024-02-20 00:00:00
ORD00190,CUST0032,2024-10-20,completed,390.11,27.31,417.42,USD,2024-10-20 00:00:00,2024-10-20 00:00:00
ORD00191,CUST0039,2024-12-26,completed,117.31,8.21,125.52,USD,2024-12-26 00:00:00,2024-12-26 00:00:00
ORD00192,CUST0040,2024-09-13,cancelled,342.1,23.95,366.05,USD,2024-09-13 00:00:00,2024-09-13 00:00:00
ORD00193,CUST0050,2024-05-20,cancelled,317.84,22.25,340.09,USD,2024-05-20 00:00:00,2024-05-20 00:00:00
ORD00194,CUST0042,2024-02-10,pending,161.38,11.3,172.68,USD,2024-02-10 00:00:00,2024-02-10 00:00:00
ORD00195,CUST0003,2025-08-16,completed,188.78,13.21,201.99,USD,2025-08-16 00:00:00,2025-08-16 00:00:00
ORD00196,CUST0006,2024-10-29,pending,170.09,11.91,182.0,USD,2024-10-29 00:00:00,2024-10-29 00:00:00
ORD00197,CUST0012,2024-07-24,shipped,74.76,5.23,79.99,USD,2024-07-24 00:00:00,2024-07-24 00:00:00
ORD00198,CUST0024,2025-06-27,completed,255.88,17.91,273.79,USD,2025-06-27 00:00:00,2025-06-27 00:00:00
ORD00199,CUST0011,2024-09-20,pending,457.88,32.05,489.93,USD,2024-09-20 00:00:00,2024-09-20 00:00:00
ORD00200,CUST0019,2024-12-12,pending,404.07,28.28,432.35,USD,2024-12-12 00:00:00,2024-12-12 00:00:00
